{
    "ni_m3_rho_tor": [
        2.4822549879610514e+20,
        2.434739021220665e+20,
        2.3934909744460438e+20,
        2.3588019983162225e+20,
        2.3304701345354115e+20,
        2.30840407965804e+20,
        2.2925128820822586e+20,
        2.2826448971643643e+20,
        2.2785110852876475e+20,
        2.2778089811426148e+20,
        2.25984102600429e+20,
        2.21926288967424e+20,
        2.1573860696220762e+20,
        2.07708284206327e+20,
        1.9805129996784946e+20,
        1.8692730333512807e+20,
        1.7393559708662917e+20,
        1.592711906046551e+20,
        1.4768168713701242e+20,
        1.357173997378795e+20
    ],
    "ne_m3_rho_tor": [
        3.1297980235081004e+20,
        3.069886778402679e+20,
        3.017878998799572e+20,
        2.9741398984810614e+20,
        2.938417909186712e+20,
        2.9105960428793286e+20,
        2.8905588948184596e+20,
        2.878116997160407e+20,
        2.872903904669865e+20,
        2.8720191936336914e+20,
        2.849363800523832e+20,
        2.7982009736164383e+20,
        2.720181035884337e+20,
        2.6189290331838402e+20,
        2.4971680599927633e+20,
        2.356908903175983e+20,
        2.1931001424327056e+20,
        2.0082020449812428e+20,
        1.8620730793688826e+20,
        1.7112190285068527e+20
    ],
    "Ti_eV_rho_tor": [
        2571.654052734375,
        2553.618896484375,
        2492.342041015625,
        2376.093994140625,
        2203.1220703125,
        1992.782958984375,
        1772.239990234375,
        1554.4599609375,
        1353.5830078125,
        1180.071044921875,
        1036.155029296875,
        917.7777099609375,
        817.654296875,
        727.9097900390625,
        642.459228515625,
        556.3588256835938,
        464.6369934082031,
        361.4407043457031,
        243.7947998046875,
        119.51519775390625
    ],
    "Te_eV_rho_tor": [
        3160.62109375,
        2979.9990234375,
        2779.845947265625,
        2561.071044921875,
        2324.18408203125,
        2075.3291015625,
        1827.0570068359375,
        1580.781005859375,
        1338.887939453125,
        1138.0980224609375,
        982.4000244140625,
        881.466796875,
        821.1198120117188,
        762.4129028320312,
        705.7064819335938,
        651.1677856445312,
        599.03857421875,
        549.6666259765625,
        503.39910888671875,
        428.3638000488281
    ],
    "nMinority_m3_rho_tor": [
        2.190858941911112e+19,
        2.1489209295998288e+19,
        2.1125150000925377e+19,
        2.081897999305487e+19,
        2.0568929058666054e+19,
        2.0374170365014835e+19,
        2.023391006470596e+19,
        2.014681994769308e+19,
        2.0110331554813706e+19,
        2.010413030923305e+19,
        1.9945549946182173e+19,
        1.9587410421713207e+19,
        1.9041269802057335e+19,
        1.8332510313141764e+19,
        1.7480169998801437e+19,
        1.649835999126723e+19,
        1.5351700205380567e+19,
        1.4057410092744049e+19,
        1.3034509136656597e+19,
        1.1978529373247504e+19
    ],
    "PMinority_Pa_rho_tor": [
        296464.0,
        182304.09375,
        126851.1484375,
        93786.71875,
        37986.6171875,
        18264.38671875,
        12981.05078125,
        8452.1171875,
        6059.28125,
        4650.29443359375,
        3906.7861328125,
        3373.910888671875,
        2911.30224609375,
        2520.96142578125,
        2152.8427734375,
        1795.990966796875,
        1442.6878662109375,
        1085.4482421875,
        746.0836791992188,
        191.75460815429688
    ],
    "PFastIon_Pa_rho_tor": [
        296464.0,
        182304.09375,
        126851.1484375,
        93786.71875,
        37986.6171875,
        18264.38671875,
        12981.05078125,
        8452.1171875,
        6059.28125,
        4650.29443359375,
        3906.7861328125,
        3373.910888671875,
        2911.30224609375,
        2520.96142578125,
        2152.8427734375,
        1795.990966796875,
        1442.6878662109375,
        1085.4482421875,
        746.0836791992188,
        191.75460815429688
    ],
    "X": [
        0.02500000037252903,
        0.07500000298023224,
        0.125,
        0.17499999701976776,
        0.22499999403953552,
        0.2750000059604645,
        0.32499998807907104,
        0.375,
        0.42500001192092896,
        0.4749999940395355,
        0.5249999761581421,
        0.574999988079071,
        0.625,
        0.675000011920929,
        0.7250000238418579,
        0.7749999761581421,
        0.824999988079071,
        0.875,
        0.925000011920929,
        0.9750000238418579
    ],
    "time": 0.998046875
}