{
    "BP01_ABK": 30.48900000000001,
    "BP02_ABK": 30.48900000000001,
    "BP03_ABK": 30.58900000000001,
    "BP04_ABK": 30.68900000000001,
    "BP05_ABK": 30.78900000000001,
    "BP06_ABK": 30.78900000000001,
    "BP07_ABK": 30.78900000000001,
    "BP08_ABK": 30.78900000000001,
    "BP09_ABK": 30.68900000000001,
    "BP11_ABK": 30.48900000000001,
    "BP12_ABK": 30.48900000000001,
    "BP20_ABK": 40.98900000000001,
    "BP1T_ABK": 38.28900000000001,
    "BP2T_ABK": 35.88900000000001,
    "BP3T_ABK": 33.48900000000001,
    "BP4T_ABK": 38.28900000000001,
    "BP5T_ABK": 35.88900000000001,
    "BP6T_ABK": 33.48900000000001,
    "BP02_GHK": -178.01099999999997,
    "BP04_GHK": -177.81099999999998,
    "BP05_GHK": -177.711,
    "BP06_GHK": -177.711,
    "BP07_GHK": -177.611,
    "BP08_GHK": -177.51099999999997,
    "BP10_GHK": -177.711,
    "BP11_GHK": -177.711,
    "BP12_GHK": -177.81099999999998,
    "BP13_GHK": -177.911,
    "BP14_GHK": -178.01099999999997,
    "BP19_GHK": -167.411,
    "BP24_GHK": -167.51099999999997,
    "BP26_GHK": -167.411,
    "BP28_GHK": -167.31099999999998,
    "BP1T_GHK": -170.211,
    "BP2T_GHK": -172.611,
    "BP3T_GHK": -175.01099999999997,
    "BP4T_GHK": -170.211,
    "BP5T_GHK": -172.611,
    "BP6T_GHK": -175.01099999999997,
    "BP_KA_TOP": -283.411,
    "BP_KA_BOT": -283.411,
    "BP_AB_TOP": 51.22900000000001,
    "BP_BC_TOP": -5.68099999999999,
    "BP_BC_BOT": -5.68099999999999,
    "BP_EF_TOP": -115.361,
    "BP_EF_BOT": -115.361
}