{
    "BP01_ABK": 0.4398360105791729,
    "BP02_ABK": 0.4498612441285599,
    "BP03_ABK": 0.46027373246423614,
    "BP04_ABK": 0.4696844643924089,
    "BP05_ABK": 0.47716137451228324,
    "BP06_ABK": 0.48066244336980246,
    "BP07_ABK": 0.48066244336980246,
    "BP08_ABK": 0.47715951621373653,
    "BP09_ABK": 0.46968693538577355,
    "BP10_ABK": 0.4602752868733215,
    "BP11_ABK": 0.44985936264795034,
    "BP12_ABK": 0.43983818560735966,
    "BP13_ABK": 0.5713729631212197,
    "BP14_ABK": 0.5844252860917031,
    "BP15_ABK": 0.5950373333805749,
    "BP16_ABK": 0.6042375793938635,
    "BP17_ABK": 0.6108542553126819,
    "BP18_ABK": 0.615343334937207,
    "BP19_ABK": 0.615343334937207,
    "BP20_ABK": 0.610852198769195,
    "BP21_ABK": 0.6042402837673342,
    "BP22_ABK": 0.5950390056316951,
    "BP23_ABK": 0.5844233110971295,
    "BP24_ABK": 0.5713751801636565,
    "BP1T_ABK": 0.5617976687023396,
    "BP2T_ABK": 0.5316146527804284,
    "BP3T_ABK": 0.5004984429340025,
    "BP4T_ABK": 0.5617976687023396,
    "BP5T_ABK": 0.5316146527804284,
    "BP6T_ABK": 0.5004984429340025,
    "BP01_GHK": -0.031561925554621964,
    "BP02_GHK": -0.032261051662646326,
    "BP03_GHK": -0.0345361157090801,
    "BP04_GHK": -0.0367197814850762,
    "BP05_GHK": -0.03878344283630457,
    "BP06_GHK": -0.0391621990823401,
    "BP07_GHK": -0.04106429230783353,
    "BP08_GHK": -0.04280422790054693,
    "BP09_GHK": -0.04106413713729528,
    "BP10_GHK": -0.0391621990823401,
    "BP11_GHK": -0.03878326267082776,
    "BP12_GHK": -0.0367198986656251,
    "BP13_GHK": -0.0345361157090801,
    "BP14_GHK": -0.03226087477561743,
    "BP15_GHK": -0.03156214163556423,
    "BP16_GHK": -0.19167539021047214,
    "BP17_GHK": -0.19591771515023532,
    "BP18_GHK": -0.19861516130536785,
    "BP19_GHK": -0.20195078073699135,
    "BP20_GHK": -0.20279133934399168,
    "BP21_GHK": -0.2047712772408214,
    "BP22_GHK": -0.20448401686551027,
    "BP23_GHK": -0.20448326210610043,
    "BP24_GHK": -0.2047712772408214,
    "BP25_GHK": -0.20279042325219876,
    "BP26_GHK": -0.20195140464123962,
    "BP27_GHK": -0.19861516130536785,
    "BP28_GHK": -0.1959166918090603,
    "BP29_GHK": -0.1916766258819852,
    "BP1T_GHK": -0.1552544973497746,
    "BP2T_GHK": -0.11782461663059904,
    "BP3T_GHK": -0.08018817617732255,
    "BP4T_GHK": -0.1552544973497746,
    "BP5T_GHK": -0.11782461663059904,
    "BP6T_GHK": -0.08018817617732255,
    "BP_KA_TOP": 0.8548066830407147,
    "BP_KA_BOT": 0.8553655391948378,
    "BP_AB_TOP": 0.7126140392747072,
    "BP_BC_TOP": -0.08896624412489616,
    "BP_BC_BOT": -0.08904617943408671,
    "BP_EF_TOP": -0.8215508920413113,
    "BP_EF_BOT": -0.8218917200222143
}