{
    "BP01_ABK": 0.22499173558201718,
    "BP02_ABK": 0.1990814690469735,
    "BP03_ABK": 0.16820913846455934,
    "BP04_ABK": 0.13635166462780046,
    "BP05_ABK": 0.10349600975156392,
    "BP06_ABK": 0.0756423853547401,
    "BP07_ABK": -0.0756423853547401,
    "BP08_ABK": -0.10350150942751343,
    "BP09_ABK": -0.13634654104258903,
    "BP10_ABK": -0.16820683355759825,
    "BP11_ABK": -0.19908344131350802,
    "BP12_ABK": -0.22499013082022035,
    "BP13_ABK": 0.22516306332880545,
    "BP14_ABK": 0.19922773185854276,
    "BP15_ABK": 0.16832495148353893,
    "BP16_ABK": 0.136440037836121,
    "BP17_ABK": 0.1035608499461329,
    "BP18_ABK": 0.07568711580972523,
    "BP19_ABK": -0.07568711580972523,
    "BP20_ABK": -0.103565560943027,
    "BP21_ABK": -0.13643576111644348,
    "BP22_ABK": -0.16832310396148104,
    "BP23_ABK": -0.19922921203248034,
    "BP24_ABK": -0.2251619674129221,
    "BP1T_ABK": 0.10250332096163231,
    "BP2T_ABK": 0.1024861147868563,
    "BP3T_ABK": 0.10246976373948084,
    "BP4T_ABK": -0.10250332096163231,
    "BP5T_ABK": -0.1024861147868563,
    "BP6T_ABK": -0.10246976373948084,
    "BP01_GHK": 0.2282707374225407,
    "BP02_GHK": 0.2021259550320434,
    "BP03_GHK": 0.17095341611701362,
    "BP04_GHK": 0.13877430363938603,
    "BP05_GHK": 0.10858752121533216,
    "BP06_GHK": 0.07742907936092877,
    "BP07_GHK": 0.038194979908077464,
    "BP08_GHK": 1.2233967537232063e-19,
    "BP09_GHK": -0.03821232535215722,
    "BP10_GHK": -0.07742907936092877,
    "BP11_GHK": -0.10859418274651103,
    "BP12_GHK": -0.13877108863117982,
    "BP13_GHK": -0.17095341611701362,
    "BP14_GHK": -0.20212883151260758,
    "BP15_GHK": -0.22826804906966375,
    "BP16_GHK": 0.2282204441047701,
    "BP17_GHK": 0.2020867717394793,
    "BP18_GHK": 0.17092445836571138,
    "BP19_GHK": 0.1387528995977038,
    "BP20_GHK": 0.10857265650363696,
    "BP21_GHK": 0.07741866515459574,
    "BP22_GHK": 0.038190504876658704,
    "BP23_GHK": -0.03820744381364765,
    "BP24_GHK": -0.07741866515459574,
    "BP25_GHK": -0.10857911825610916,
    "BP26_GHK": -0.13874980330411302,
    "BP27_GHK": -0.17092445836571138,
    "BP28_GHK": -0.2020894593161564,
    "BP29_GHK": -0.22821799738820137,
    "BP1T_GHK": 0.10059813392912481,
    "BP2T_GHK": 0.10060235838837701,
    "BP3T_GHK": 0.10060542665262162,
    "BP4T_GHK": -0.10059813392912481,
    "BP5T_GHK": -0.10060235838837701,
    "BP6T_GHK": -0.10060542665262162,
    "BP_KA_TOP": 0.09829586567704901,
    "BP_KA_BOT": -0.09820194533884308,
    "BP_AB_TOP": 0.09810893265402804,
    "BP_BC_TOP": 0.09789510757240259,
    "BP_BC_BOT": -0.09755152760045811,
    "BP_EF_TOP": 0.09875436724213611,
    "BP_EF_BOT": -0.09887316502099383
}