{
    "BP01_ABK": 0.7416600684832898,
    "BP02_ABK": 0.7587182938130935,
    "BP03_ABK": 0.7733353043472314,
    "BP04_ABK": 0.786127174895152,
    "BP05_ABK": 0.795557545971525,
    "BP06_ABK": 0.8014452779885967,
    "BP07_ABK": 0.8014452779885967,
    "BP08_ABK": 0.7955560444750752,
    "BP09_ABK": 0.7861291267306095,
    "BP10_ABK": 0.7733364930787929,
    "BP11_ABK": 0.7587169152481832,
    "BP12_ABK": 0.7416615845554639,
    "BP13_ABK": 0.6460718539105157,
    "BP14_ABK": 0.6609488099096144,
    "BP15_ABK": 0.6754366606336693,
    "BP16_ABK": 0.6883923798578855,
    "BP17_ABK": 0.6984546124398263,
    "BP18_ABK": 0.7036293075724117,
    "BP19_ABK": 0.7036293075724117,
    "BP20_ABK": 0.6984534632860001,
    "BP21_ABK": 0.6883938564238387,
    "BP22_ABK": 0.6754375471208179,
    "BP23_ABK": 0.6609477996604882,
    "BP24_ABK": 0.6460729505241299,
    "BP1T_ABK": 0.7070241164604456,
    "BP2T_ABK": 0.7299278415417724,
    "BP3T_ABK": 0.7515475308568172,
    "BP4T_ABK": 0.7070241164604456,
    "BP5T_ABK": 0.7299278415417724,
    "BP6T_ABK": 0.7515475308568172,
    "BP01_GHK": -0.8678678130409312,
    "BP02_GHK": -0.8868640138673194,
    "BP03_GHK": -0.9057978235507844,
    "BP04_GHK": -0.9208101404479573,
    "BP05_GHK": -0.931702913357145,
    "BP06_GHK": -0.9407367744083291,
    "BP07_GHK": -0.9466983725205349,
    "BP08_GHK": -0.9486327472012777,
    "BP09_GHK": -0.9466965969813936,
    "BP10_GHK": -0.9407367744083291,
    "BP11_GHK": -0.9317008526851345,
    "BP12_GHK": -0.9208114879813891,
    "BP13_GHK": -0.9057978235507844,
    "BP14_GHK": -0.8868620475020538,
    "BP15_GHK": -0.86787002707826,
    "BP16_GHK": -0.846962564597496,
    "BP17_GHK": -0.8654958858628163,
    "BP18_GHK": -0.8843743612311897,
    "BP19_GHK": -0.8990894911016486,
    "BP20_GHK": -0.9101429743375778,
    "BP21_GHK": -0.9189663096271613,
    "BP22_GHK": -0.9252156824365952,
    "BP23_GHK": -0.9252139871325595,
    "BP24_GHK": -0.9189663096271613,
    "BP25_GHK": -0.9101410124376705,
    "BP26_GHK": -0.899090770430114,
    "BP27_GHK": -0.8843743612311897,
    "BP28_GHK": -0.865494033855955,
    "BP29_GHK": -0.8469646397496089,
    "BP1T_GHK": -0.89267386480216,
    "BP2T_GHK": -0.8983940562178592,
    "BP3T_GHK": -0.9025418325166431,
    "BP4T_GHK": -0.89267386480216,
    "BP5T_GHK": -0.8983940562178592,
    "BP6T_GHK": -0.9025418325166431,
    "BP_KA_TOP": 0.31777474228834784,
    "BP_KA_BOT": 0.3179667057383123,
    "BP_AB_TOP": 0.5682772814823,
    "BP_BC_TOP": 0.9083582857137372,
    "BP_BC_BOT": 0.9090020731307219,
    "BP_EF_TOP": -0.3991886529776454,
    "BP_EF_BOT": -0.3993802576597612
}