{
    "BP01_BC": 0.05389999970793724,
    "BP02_BC": 0.16169999539852142,
    "BP03_BC": 0.2694999873638153,
    "BP04_BC": 0.37720000743865967,
    "BP05_BC": 0.5047271934101893,
    "BP06_BC": 0.5806999802589417,
    "BP07_BC": 0.617900013923645,
    "BP08_BC": 0.617900013923645,
    "BP09_BC": 0.5077000260353088,
    "BP10_BC": 0.3595728287150547,
    "BP11_BC": 0.3434000110626221,
    "BP12_BC": 0.2533999979496002,
    "BP13_BC": 0.08449999988079071,
    "BP14_BC": -0.08449999988079071,
    "BP15_BC": -0.2533999979496002,
    "BP16_BC": -0.3434000110626221,
    "BP17_BC": -0.3595728287150547,
    "BP18_BC": -0.5077000260353088,
    "BP19_BC": -0.617900013923645,
    "BP20_BC": -0.617900013923645,
    "BP21_BC": -0.5806999802589417,
    "BP22_BC": -0.5047271934101893,
    "BP23_BC": -0.37720000743865967,
    "BP24_BC": -0.2694999873638153,
    "BP25_BC": -0.16169999539852142,
    "BP26_BC": -0.05389999970793724,
    "BP11_DE": 0.3434000110626221,
    "BP12_DE": 0.2533999979496002,
    "BP13_DE": 0.08449999988079071,
    "BP14_DE": -0.08449999988079071,
    "BP15_DE": -0.2533999979496002,
    "BP16_DE": -0.3434000110626221,
    "BP17_DE": -0.3610644715611976,
    "BP18_DE": -0.5077000260353088,
    "BP19_DE": -0.617900013923645,
    "BP20_DE": -0.617900013923645,
    "BP21_DE": -0.5806999802589417,
    "BP22_DE": -0.5032355505640466,
    "BP23_DE": -0.37720000743865967,
    "BP24_DE": -0.2694999873638153,
    "BP25_DE": -0.16169999539852142,
    "BP26_DE": -0.05389999970793724,
    "BP04_GH": 0.37720000743865967,
    "BP06_GH": 0.5806999802589417,
    "BP07_GH": 0.617900013923645,
    "BP14_GH": -0.08449999988079071,
    "BP15_GH": -0.2533999979496002,
    "BP16_GH": -0.3434000110626221,
    "BP17_GH": -0.3630271735737637,
    "BP18_GH": -0.5077000260353088,
    "BP19_GH": -0.617900013923645,
    "BP20_GH": -0.617900013923645,
    "BP21_GH": -0.5806999802589417,
    "BP22_GH": -0.5012728485514806,
    "BP26_GH": -0.05389999970793724,
    "BP01_JK": 0.05389999970793724,
    "BP02_JK": 0.16169999539852142,
    "BP03_JK": 0.2694999873638153,
    "BP04_JK": 0.37720000743865967,
    "BP05_JK": 0.5027644913976234,
    "BP06_JK": 0.5806999802589417,
    "BP07_JK": 0.617900013923645,
    "BP08_JK": 0.617900013923645,
    "BP09_JK": 0.5077000260353088,
    "BP10_JK": 0.3615355307276208,
    "BP11_JK": 0.3434000110626221,
    "BP12_JK": 0.2533999979496002,
    "BP13_JK": 0.08449999988079071,
    "BP15_JK": -0.2533999979496002,
    "BP16_JK": -0.3434000110626221,
    "BP17_JK": -0.3615355307276208,
    "BP18_JK": -0.5077000260353088,
    "BP19_JK": -0.617900013923645,
    "BP20_JK": -0.617900013923645,
    "BP21_JK": -0.5806999802589417,
    "BP22_JK": -0.5027644913976234,
    "BP23_JK": -0.37720000743865967,
    "BP24_JK": -0.2694999873638153,
    "BP25_JK": -0.16169999539852142,
    "BP26_JK": -0.05389999970793724
}