{
    "BP01_BC": 0.41282638566547053,
    "BP02_BC": 0.41282638566547053,
    "BP03_BC": 0.41282638566547053,
    "BP04_BC": 0.41282638566547053,
    "BP05_BC": 0.4824808908578527,
    "BP06_BC": 0.5414493156030538,
    "BP07_BC": 0.6064623383650691,
    "BP08_BC": 0.7355811098543501,
    "BP09_BC": 0.7971085534444032,
    "BP10_BC": 0.8799525857751793,
    "BP11_BC": 1.0032397900893708,
    "BP12_BC": 1.0564369750271532,
    "BP13_BC": 1.0564369750271532,
    "BP14_BC": 1.0564369750271532,
    "BP15_BC": 1.0564369750271532,
    "BP16_BC": 1.0032397900893708,
    "BP17_BC": 0.8799525857751793,
    "BP18_BC": 0.7971085534444032,
    "BP19_BC": 0.7355811098543501,
    "BP20_BC": 0.6064623383650691,
    "BP21_BC": 0.5414493156030538,
    "BP22_BC": 0.4824808908578527,
    "BP23_BC": 0.41282638566547053,
    "BP24_BC": 0.41282638566547053,
    "BP25_BC": 0.41282638566547053,
    "BP26_BC": 0.41282638566547053,
    "BP11_DE": 0.43205710427831945,
    "BP12_DE": 0.45561734763447737,
    "BP13_DE": 0.45561734763447737,
    "BP14_DE": 0.45561734763447737,
    "BP15_DE": 0.45561734763447737,
    "BP16_DE": 0.43205710427831945,
    "BP17_DE": 0.3788770935942485,
    "BP18_DE": 0.3434961847774361,
    "BP19_DE": 0.3163343373961887,
    "BP20_DE": 0.2605095777431814,
    "BP21_DE": 0.23296140086532927,
    "BP22_DE": 0.2070294096230975,
    "BP23_DE": 0.17735101930104005,
    "BP24_DE": 0.17735101930104005,
    "BP25_DE": 0.17735101930104005,
    "BP26_DE": 0.17735101930104005,
    "BP04_GH": -0.41682638566547053,
    "BP06_GH": -0.5454493156030538,
    "BP07_GH": -0.6069767591931068,
    "BP14_GH": -1.0604369750271532,
    "BP15_GH": -1.0604369750271532,
    "BP16_GH": -1.0037542109174085,
    "BP17_GH": -0.88110093188612,
    "BP18_GH": -0.8011085534444032,
    "BP19_GH": -0.7360955306823878,
    "BP20_GH": -0.6069767591931068,
    "BP21_GH": -0.5454493156030538,
    "BP22_GH": -0.4836292369687933,
    "BP26_GH": -0.41682638566547053,
    "BP01_JK": -0.1813510193010401,
    "BP02_JK": -0.1813510193010401,
    "BP03_JK": -0.1813510193010401,
    "BP04_JK": -0.1813510193010401,
    "BP05_JK": -0.21067024056863334,
    "BP06_JK": -0.23696140086532932,
    "BP07_JK": -0.2641232482465767,
    "BP08_JK": -0.31994800789958405,
    "BP09_JK": -0.34749618477743616,
    "BP10_JK": -0.38251792453978434,
    "BP11_JK": -0.4356707747817148,
    "BP12_JK": -0.45961734763447754,
    "BP13_JK": -0.45961734763447754,
    "BP15_JK": -0.45961734763447754,
    "BP16_JK": -0.4356707747817148,
    "BP17_JK": -0.38251792453978434,
    "BP18_JK": -0.34749618477743616,
    "BP19_JK": -0.31994800789958405,
    "BP20_JK": -0.2641232482465767,
    "BP21_JK": -0.23696140086532932,
    "BP22_JK": -0.21067024056863334,
    "BP23_JK": -0.1813510193010401,
    "BP24_JK": -0.1813510193010401,
    "BP25_JK": -0.1813510193010401,
    "BP26_JK": -0.1813510193010401
}