{
    "BP01_ABK": 31.589000000000006,
    "BP02_ABK": 31.589000000000006,
    "BP03_ABK": 31.689000000000004,
    "BP04_ABK": 31.789000000000005,
    "BP05_ABK": 31.889000000000003,
    "BP06_ABK": 31.889000000000003,
    "BP07_ABK": 31.889000000000003,
    "BP08_ABK": 31.889000000000003,
    "BP09_ABK": 31.789000000000005,
    "BP11_ABK": 31.589000000000006,
    "BP12_ABK": 31.589000000000006,
    "BP20_ABK": 40.089000000000006,
    "BP1T_ABK": 38.389,
    "BP2T_ABK": 35.989000000000004,
    "BP3T_ABK": 33.589000000000006,
    "BP4T_ABK": 38.389,
    "BP5T_ABK": 35.989000000000004,
    "BP6T_ABK": 33.589000000000006,
    "BP02_GHK": -176.911,
    "BP04_GHK": -176.711,
    "BP05_GHK": -176.611,
    "BP06_GHK": -176.611,
    "BP07_GHK": -176.51100000000002,
    "BP08_GHK": -176.411,
    "BP10_GHK": -176.611,
    "BP11_GHK": -176.611,
    "BP12_GHK": -176.711,
    "BP13_GHK": -176.81099999999998,
    "BP14_GHK": -176.911,
    "BP19_GHK": -168.31099999999998,
    "BP24_GHK": -168.411,
    "BP26_GHK": -168.31099999999998,
    "BP28_GHK": -168.211,
    "BP1T_GHK": -170.111,
    "BP2T_GHK": -172.51100000000002,
    "BP3T_GHK": -174.911,
    "BP4T_GHK": -170.111,
    "BP5T_GHK": -172.51100000000002,
    "BP6T_GHK": -174.911,
    "BP_KA_TOP": -290.511,
    "BP_KA_BOT": -290.511,
    "BP_AB_TOP": 51.32900000000001,
    "BP_BC_TOP": -5.580999999999996,
    "BP_BC_BOT": -5.580999999999996,
    "BP_EF_TOP": -115.26100000000001,
    "BP_EF_BOT": -115.26100000000001
}