{
    "BP01_ABK": 30.589000000000006,
    "BP02_ABK": 30.589000000000006,
    "BP03_ABK": 30.689000000000004,
    "BP04_ABK": 30.789000000000005,
    "BP05_ABK": 30.889000000000003,
    "BP06_ABK": 30.889000000000003,
    "BP07_ABK": 30.889000000000003,
    "BP08_ABK": 30.889000000000003,
    "BP09_ABK": 30.789000000000005,
    "BP10_ABK": 30.689000000000004,
    "BP11_ABK": 30.589000000000006,
    "BP12_ABK": 30.589000000000006,
    "BP13_ABK": 41.389,
    "BP14_ABK": 41.389,
    "BP15_ABK": 41.289,
    "BP16_ABK": 41.18900000000001,
    "BP17_ABK": 41.089000000000006,
    "BP18_ABK": 41.089000000000006,
    "BP19_ABK": 41.089000000000006,
    "BP20_ABK": 41.089000000000006,
    "BP21_ABK": 41.18900000000001,
    "BP22_ABK": 41.289,
    "BP23_ABK": 41.389,
    "BP24_ABK": 41.389,
    "BP1T_ABK": 38.389,
    "BP2T_ABK": 35.989000000000004,
    "BP3T_ABK": 33.589000000000006,
    "BP4T_ABK": 38.389,
    "BP5T_ABK": 35.989000000000004,
    "BP6T_ABK": 33.589000000000006,
    "BP01_GHK": -177.911,
    "BP02_GHK": -177.911,
    "BP03_GHK": -177.81099999999998,
    "BP04_GHK": -177.711,
    "BP05_GHK": -177.611,
    "BP06_GHK": -177.611,
    "BP07_GHK": -177.51100000000002,
    "BP08_GHK": -177.411,
    "BP09_GHK": -177.51100000000002,
    "BP10_GHK": -177.611,
    "BP11_GHK": -177.611,
    "BP12_GHK": -177.711,
    "BP13_GHK": -177.81099999999998,
    "BP14_GHK": -177.911,
    "BP15_GHK": -177.911,
    "BP16_GHK": -167.211,
    "BP17_GHK": -167.211,
    "BP18_GHK": -167.31099999999998,
    "BP19_GHK": -167.31099999999998,
    "BP20_GHK": -167.411,
    "BP21_GHK": -167.411,
    "BP22_GHK": -167.51100000000002,
    "BP23_GHK": -167.51100000000002,
    "BP24_GHK": -167.411,
    "BP25_GHK": -167.411,
    "BP26_GHK": -167.31099999999998,
    "BP27_GHK": -167.31099999999998,
    "BP28_GHK": -167.211,
    "BP29_GHK": -167.211,
    "BP1T_GHK": -170.111,
    "BP2T_GHK": -172.51100000000002,
    "BP3T_GHK": -174.911,
    "BP4T_GHK": -170.111,
    "BP5T_GHK": -172.51100000000002,
    "BP6T_GHK": -174.911,
    "BP_KA_TOP": -283.31100000000004,
    "BP_KA_BOT": -283.31100000000004,
    "BP_AB_TOP": 51.32900000000001,
    "BP_BC_TOP": 1.6190000000000069,
    "BP_BC_BOT": 1.6190000000000069,
    "BP_EF_TOP": -108.601,
    "BP_EF_BOT": -108.601
}