{
    "BP01_BC": 0.05379555845385275,
    "BP02_BC": 0.05379555845385275,
    "BP03_BC": 0.05379555845385275,
    "BP04_BC": 0.05379555845385275,
    "BP05_BC": 0.063472572690833,
    "BP06_BC": 0.07047565062027304,
    "BP07_BC": 0.08066405931610504,
    "BP08_BC": 0.09740845325815953,
    "BP09_BC": 0.10363007846964542,
    "BP10_BC": 0.11501753833561792,
    "BP11_BC": 0.1321189940429876,
    "BP12_BC": 0.13726033378626482,
    "BP13_BC": 0.13726033378626482,
    "BP14_BC": 0.13726033378626482,
    "BP15_BC": 0.13726033378626482,
    "BP16_BC": 0.1321189940429876,
    "BP17_BC": 0.11501753833561792,
    "BP18_BC": 0.10363007846964542,
    "BP19_BC": 0.09740845325815953,
    "BP20_BC": 0.08066405931610504,
    "BP21_BC": 0.07047565062027304,
    "BP22_BC": 0.063472572690833,
    "BP23_BC": 0.05379555845385275,
    "BP24_BC": 0.05379555845385275,
    "BP25_BC": 0.05379555845385275,
    "BP26_BC": 0.05379555845385275,
    "BP11_DE": -0.9150257721223645,
    "BP12_DE": -0.9642176063937712,
    "BP13_DE": -0.9642176063937712,
    "BP14_DE": -0.9642176063937712,
    "BP15_DE": -0.9642176063937712,
    "BP16_DE": -0.9150257721223645,
    "BP17_DE": -0.8029386169945472,
    "BP18_DE": -0.7279739416049639,
    "BP19_DE": -0.6711933871283439,
    "BP20_DE": -0.553568440416042,
    "BP21_DE": -0.49507283914913003,
    "BP22_DE": -0.44084884185925577,
    "BP23_DE": -0.3778995954341809,
    "BP24_DE": -0.3778995954341809,
    "BP25_DE": -0.3778995954341809,
    "BP26_DE": -0.3778995954341809,
    "BP04_GH": -0.053795558453852886,
    "BP06_GH": -0.07047565062027322,
    "BP07_GH": -0.07669727583175912,
    "BP14_GH": -0.13726033378626515,
    "BP15_GH": -0.13726033378626515,
    "BP16_GH": -0.12815221055864184,
    "BP17_GH": -0.11335958694712729,
    "BP18_GH": -0.10363007846964568,
    "BP19_GH": -0.09344166977381368,
    "BP20_GH": -0.07669727583175912,
    "BP21_GH": -0.07047565062027322,
    "BP22_GH": -0.06181462130234225,
    "BP26_GH": -0.053795558453852886,
    "BP01_JK": 0.37789959543418083,
    "BP02_JK": 0.37789959543418083,
    "BP03_JK": 0.37789959543418083,
    "BP04_JK": 0.37789959543418083,
    "BP05_JK": 0.4392606185475777,
    "BP06_JK": 0.49507283914913,
    "BP07_JK": 0.55185339362575,
    "BP08_JK": 0.6694783403380518,
    "BP09_JK": 0.7279739416049638,
    "BP10_JK": 0.8013503936828691,
    "BP11_JK": 0.9133107253320724,
    "BP12_JK": 0.9642176063937711,
    "BP13_JK": 0.9642176063937711,
    "BP15_JK": 0.9642176063937711,
    "BP16_JK": 0.9133107253320724,
    "BP17_JK": 0.8013503936828691,
    "BP18_JK": 0.7279739416049638,
    "BP19_JK": 0.6694783403380518,
    "BP20_JK": 0.55185339362575,
    "BP21_JK": 0.49507283914913,
    "BP22_JK": 0.4392606185475777,
    "BP23_JK": 0.37789959543418083,
    "BP24_JK": 0.37789959543418083,
    "BP25_JK": 0.37789959543418083,
    "BP26_JK": 0.37789959543418083
}